Category,Item,Comments,Date,Location,Distance (Miles)
Travel,"MJR - FLL to CAK","Start","Thursday, July 2, 2026","Akron, Ohio",40
Food,"Ox Roast - Mesopotamia","Ox Roast Mesopotamia","Saturday, July 4, 2026","Mesopotamia Township, Ohio",23
Food/Drink,"Middlefield Inn","15958 East High Street","Saturday, July 4, 2026","Middlefield, Ohio",28
Sports,"Pitts v Braves Rivers Casino","Get Tickets","Thursday, July 9, 2026","Pittsburgh, Pennsylvania",68
Gaming,"Rivers Casino","After Baseball Game","Friday, July 10, 2026","Pittsburgh, Pennsylvania",68
Entertainment,"The Amp","Maybe The Amp - Bob Seger","Saturday, July 11, 2026","Warren, Ohio",0
Entertainment,"Big Boy Train","Maybe Geneva Firehouse","Tuesday, July 14, 2026","Geneva-on-the-Lake, Ohio",46
Sports,"Scrappers Bobblehead Card","Maybe Promotions | Mahoning Valley Scrappers","Saturday, July 18, 2026","Warren, Ohio",0
Travel,"MJR - CAK to FLL","End","Thursday, July 23, 2026","Akron, Ohio",40
Entertainment,"Pontoon Ride","Maybe Mosquito Lake","","Cortland, Ohio",7
Entertainment,"Willow Lake","Maybe 14 bucks","","Cortland, Ohio",7
Family,"DJR - DBR - Jbird","Cortland","","Cortland, Ohio",7
Family,"Gloria Yokley","","","Warren, Ohio",0
Family,"Rosie - Don - Diane - Kathy","Sharon PA","","Sharon, Pennsylvania",18
Family,"Sara Steve","330 647 5155","","Niles, Ohio",8
Food,"Butter Maid","Nut Roll","","Austintown, Ohio",13
Food,"Cheesecake Factory","Maybe Beachwood","","Beachwood, Ohio",49
Food,"Cock-eyed BBQ","West Side Warren","","Warren, Ohio",0
Food,"Dave and Buster's","Game Room at Mall","","Niles, Ohio",8
Food,"Enzo's","Elm Road","","Warren, Ohio",3
Food,"Firebirds","Eastwood Mall","","Niles, Ohio",8
Food,"Hot Dog Shoppe","West Side Warren","","Warren, Ohio",2
Food,"Kravitz Deli","3135 Belmont Ave, Youngstown, OH 44505","","Youngstown, Ohio",14
Food,"White Turkey Drive-In","388 E Main Rd, Conneaut, OH","","Conneaut, Ohio",57
Food,"Saratoga","Downtown","","Warren, Ohio",1
Food,"Sunrise Inn","Pizza etc","","Warren, Ohio",2
Food,"U.S. Subs","The Admiral","","Warren, Ohio",2
Food/Drink,"Buena Vista","East Side Warren","","Warren, Ohio",2
Food/Drink,"Geneva-on-the-Lake","","","Geneva-on-the-Lake, Ohio",46
Food/Drink,"Holiday Bar Sausage","","","Warren, Ohio",1
Food/Drink,"Little Wings","Mahoning Ave","","Warren, Ohio",3
Food/Drink,"Moose Cortland","","","Cortland, Ohio",7
Food/Drink,"Moose Warren","","","Warren, Ohio",0
Food/Drink,"University Lanes / Larchmont","Euchre","","Warren, Ohio",2
Friend,"Brian Maloy","234 600 8540","","Warren, Ohio",0
Friend,"Doug Hampton","330 824 4986","","Cortland, Ohio",7
Friend,"Jeanette Chris","????","","Warren, Ohio",0
Friend,"John Delbane","330 979 7016","","Warren, Ohio",0
Friend,"Keith York","","","Warren, Ohio",0
Friend,"Kevin Burkey","330 984 8261","","Cortland, Ohio",7
Friend,"Louie Rubinic","330 219 5266","","Girard, Ohio",9
Friend,"Nick Amorganis","","","Warren, Ohio",0
Gaming,"Frisbee","KSU Campus","","Warren, Ohio",3
Gaming,"Hollywood Gaming Mahoning Valley","Slot Machines OTB","","Austintown, Ohio",14
Gaming,"Jack Cleveland Casino","Downtown Cleveland","","Cleveland, Ohio",62
Gaming,"Mad River Poker Room","Poker Room","","Girard, Ohio",9
Sports,"Bike Ride Path KSU to Ashtabula","Need Bike","","Warren, Ohio",3
Sports,"Riverview Golf","","","Braceville Township, Ohio",8
Sports,"The Links","Corn Row","","Cortland, Ohio",7
Sports,"Yankee Run Golf","Louie","","Brookfield Township, Ohio",14
Entertainment,"Pastimes Arcade","419 N State St, Girard, OH 44420","","Girard, Ohio",9